City,Hotel Name,Review_link
San Antonio,Hotel Contessa,https://www.tripadvisor.in/Hotel_Review-g60956-d570285-Reviews-Hotel_Contessa-San_Antonio_Texas.html#REVIEWS
San Antonio,Hotel Contessa,https://www.tripadvisor.in/Hotel_Review-g60956-d570285-Reviews-or5-Hotel_Contessa-San_Antonio_Texas.html
San Antonio,Hotel Contessa,https://www.tripadvisor.in/Hotel_Review-g60956-d570285-Reviews-or10-Hotel_Contessa-San_Antonio_Texas.html
San Antonio,Hotel Contessa,https://www.tripadvisor.in/Hotel_Review-g60956-d570285-Reviews-or15-Hotel_Contessa-San_Antonio_Texas.html
San Antonio,Hotel Contessa,https://www.tripadvisor.in/Hotel_Review-g60956-d570285-Reviews-or20-Hotel_Contessa-San_Antonio_Texas.html
San Antonio,Hotel Contessa,https://www.tripadvisor.in/Hotel_Review-g60956-d570285-Reviews-or25-Hotel_Contessa-San_Antonio_Texas.html
San Antonio,Hotel Contessa,https://www.tripadvisor.in/Hotel_Review-g60956-d570285-Reviews-or30-Hotel_Contessa-San_Antonio_Texas.html
San Antonio,Hotel Contessa,https://www.tripadvisor.in/Hotel_Review-g60956-d570285-Reviews-or35-Hotel_Contessa-San_Antonio_Texas.html
San Antonio,Hotel Contessa,https://www.tripadvisor.in/Hotel_Review-g60956-d570285-Reviews-or40-Hotel_Contessa-San_Antonio_Texas.html
San Antonio,Hotel Contessa,https://www.tripadvisor.in/Hotel_Review-g60956-d570285-Reviews-or45-Hotel_Contessa-San_Antonio_Texas.html
San Antonio,Hotel Contessa,https://www.tripadvisor.in/Hotel_Review-g60956-d570285-Reviews-or50-Hotel_Contessa-San_Antonio_Texas.html
San Antonio,Hotel Contessa,https://www.tripadvisor.in/Hotel_Review-g60956-d570285-Reviews-or55-Hotel_Contessa-San_Antonio_Texas.html
San Antonio,Hotel Contessa,https://www.tripadvisor.in/Hotel_Review-g60956-d570285-Reviews-or60-Hotel_Contessa-San_Antonio_Texas.html
San Antonio,Hotel Contessa,https://www.tripadvisor.in/Hotel_Review-g60956-d570285-Reviews-or65-Hotel_Contessa-San_Antonio_Texas.html
San Antonio,Hotel Contessa,https://www.tripadvisor.in/Hotel_Review-g60956-d570285-Reviews-or70-Hotel_Contessa-San_Antonio_Texas.html
San Antonio,Hotel Contessa,https://www.tripadvisor.in/Hotel_Review-g60956-d570285-Reviews-or75-Hotel_Contessa-San_Antonio_Texas.html
San Antonio,Hotel Contessa,https://www.tripadvisor.in/Hotel_Review-g60956-d570285-Reviews-or80-Hotel_Contessa-San_Antonio_Texas.html
San Antonio,Hotel Contessa,https://www.tripadvisor.in/Hotel_Review-g60956-d570285-Reviews-or85-Hotel_Contessa-San_Antonio_Texas.html
San Antonio,Hotel Contessa,https://www.tripadvisor.in/Hotel_Review-g60956-d570285-Reviews-or90-Hotel_Contessa-San_Antonio_Texas.html
San Antonio,Hotel Contessa,https://www.tripadvisor.in/Hotel_Review-g60956-d570285-Reviews-or95-Hotel_Contessa-San_Antonio_Texas.html
San Antonio,Hotel Contessa,https://www.tripadvisor.in/Hotel_Review-g60956-d570285-Reviews-or100-Hotel_Contessa-San_Antonio_Texas.html
San Antonio,Hotel Contessa,https://www.tripadvisor.in/Hotel_Review-g60956-d570285-Reviews-or105-Hotel_Contessa-San_Antonio_Texas.html
San Antonio,Hotel Contessa,https://www.tripadvisor.in/Hotel_Review-g60956-d570285-Reviews-or110-Hotel_Contessa-San_Antonio_Texas.html
San Antonio,Hotel Contessa,https://www.tripadvisor.in/Hotel_Review-g60956-d570285-Reviews-or115-Hotel_Contessa-San_Antonio_Texas.html
San Antonio,Hotel Contessa,https://www.tripadvisor.in/Hotel_Review-g60956-d570285-Reviews-or120-Hotel_Contessa-San_Antonio_Texas.html
San Antonio,Hotel Contessa,https://www.tripadvisor.in/Hotel_Review-g60956-d570285-Reviews-or125-Hotel_Contessa-San_Antonio_Texas.html
San Antonio,Hotel Contessa,https://www.tripadvisor.in/Hotel_Review-g60956-d570285-Reviews-or130-Hotel_Contessa-San_Antonio_Texas.html
San Antonio,Hotel Contessa,https://www.tripadvisor.in/Hotel_Review-g60956-d570285-Reviews-or135-Hotel_Contessa-San_Antonio_Texas.html
San Antonio,Hotel Contessa,https://www.tripadvisor.in/Hotel_Review-g60956-d570285-Reviews-or140-Hotel_Contessa-San_Antonio_Texas.html
San Antonio,Hotel Contessa,https://www.tripadvisor.in/Hotel_Review-g60956-d570285-Reviews-or145-Hotel_Contessa-San_Antonio_Texas.html
San Antonio,Hotel Contessa,https://www.tripadvisor.in/Hotel_Review-g60956-d570285-Reviews-or150-Hotel_Contessa-San_Antonio_Texas.html
San Antonio,Hotel Contessa,https://www.tripadvisor.in/Hotel_Review-g60956-d570285-Reviews-or155-Hotel_Contessa-San_Antonio_Texas.html
San Antonio,Hotel Contessa,https://www.tripadvisor.in/Hotel_Review-g60956-d570285-Reviews-or160-Hotel_Contessa-San_Antonio_Texas.html
San Antonio,Hotel Contessa,https://www.tripadvisor.in/Hotel_Review-g60956-d570285-Reviews-or165-Hotel_Contessa-San_Antonio_Texas.html
San Antonio,Hotel Contessa,https://www.tripadvisor.in/Hotel_Review-g60956-d570285-Reviews-or170-Hotel_Contessa-San_Antonio_Texas.html
San Antonio,Hotel Contessa,https://www.tripadvisor.in/Hotel_Review-g60956-d570285-Reviews-or175-Hotel_Contessa-San_Antonio_Texas.html
San Antonio,Hotel Contessa,https://www.tripadvisor.in/Hotel_Review-g60956-d570285-Reviews-or180-Hotel_Contessa-San_Antonio_Texas.html
San Antonio,Hotel Contessa,https://www.tripadvisor.in/Hotel_Review-g60956-d570285-Reviews-or185-Hotel_Contessa-San_Antonio_Texas.html
San Antonio,Hotel Contessa,https://www.tripadvisor.in/Hotel_Review-g60956-d570285-Reviews-or190-Hotel_Contessa-San_Antonio_Texas.html
San Antonio,Hotel Contessa,https://www.tripadvisor.in/Hotel_Review-g60956-d570285-Reviews-or195-Hotel_Contessa-San_Antonio_Texas.html
San Antonio,Hotel Contessa,https://www.tripadvisor.in/Hotel_Review-g60956-d570285-Reviews-or200-Hotel_Contessa-San_Antonio_Texas.html
San Antonio,Hotel Contessa,https://www.tripadvisor.in/Hotel_Review-g60956-d570285-Reviews-or205-Hotel_Contessa-San_Antonio_Texas.html
San Antonio,Hotel Contessa,https://www.tripadvisor.in/Hotel_Review-g60956-d570285-Reviews-or210-Hotel_Contessa-San_Antonio_Texas.html
San Antonio,Hotel Contessa,https://www.tripadvisor.in/Hotel_Review-g60956-d570285-Reviews-or215-Hotel_Contessa-San_Antonio_Texas.html
San Antonio,Hotel Contessa,https://www.tripadvisor.in/Hotel_Review-g60956-d570285-Reviews-or220-Hotel_Contessa-San_Antonio_Texas.html
San Antonio,Hotel Contessa,https://www.tripadvisor.in/Hotel_Review-g60956-d570285-Reviews-or225-Hotel_Contessa-San_Antonio_Texas.html
San Antonio,Hotel Contessa,https://www.tripadvisor.in/Hotel_Review-g60956-d570285-Reviews-or230-Hotel_Contessa-San_Antonio_Texas.html
San Antonio,Hotel Contessa,https://www.tripadvisor.in/Hotel_Review-g60956-d570285-Reviews-or235-Hotel_Contessa-San_Antonio_Texas.html
San Antonio,Hotel Contessa,https://www.tripadvisor.in/Hotel_Review-g60956-d570285-Reviews-or240-Hotel_Contessa-San_Antonio_Texas.html
San Antonio,Hotel Contessa,https://www.tripadvisor.in/Hotel_Review-g60956-d570285-Reviews-or245-Hotel_Contessa-San_Antonio_Texas.html
San Antonio,Hotel Contessa,https://www.tripadvisor.in/Hotel_Review-g60956-d570285-Reviews-or250-Hotel_Contessa-San_Antonio_Texas.html
San Antonio,Hotel Contessa,https://www.tripadvisor.in/Hotel_Review-g60956-d570285-Reviews-or255-Hotel_Contessa-San_Antonio_Texas.html
San Antonio,Hotel Contessa,https://www.tripadvisor.in/Hotel_Review-g60956-d570285-Reviews-or260-Hotel_Contessa-San_Antonio_Texas.html
San Antonio,Hotel Contessa,https://www.tripadvisor.in/Hotel_Review-g60956-d570285-Reviews-or265-Hotel_Contessa-San_Antonio_Texas.html
San Antonio,Hotel Contessa,https://www.tripadvisor.in/Hotel_Review-g60956-d570285-Reviews-or270-Hotel_Contessa-San_Antonio_Texas.html
San Antonio,Hotel Contessa,https://www.tripadvisor.in/Hotel_Review-g60956-d570285-Reviews-or275-Hotel_Contessa-San_Antonio_Texas.html
San Antonio,Hotel Contessa,https://www.tripadvisor.in/Hotel_Review-g60956-d570285-Reviews-or280-Hotel_Contessa-San_Antonio_Texas.html
San Antonio,Hotel Contessa,https://www.tripadvisor.in/Hotel_Review-g60956-d570285-Reviews-or285-Hotel_Contessa-San_Antonio_Texas.html
San Antonio,Hotel Contessa,https://www.tripadvisor.in/Hotel_Review-g60956-d570285-Reviews-or290-Hotel_Contessa-San_Antonio_Texas.html
San Antonio,Hotel Contessa,https://www.tripadvisor.in/Hotel_Review-g60956-d570285-Reviews-or295-Hotel_Contessa-San_Antonio_Texas.html
San Antonio,Hotel Contessa,https://www.tripadvisor.in/Hotel_Review-g60956-d570285-Reviews-or300-Hotel_Contessa-San_Antonio_Texas.html
San Antonio,Hotel Contessa,https://www.tripadvisor.in/Hotel_Review-g60956-d570285-Reviews-or305-Hotel_Contessa-San_Antonio_Texas.html
San Antonio,Hotel Contessa,https://www.tripadvisor.in/Hotel_Review-g60956-d570285-Reviews-or310-Hotel_Contessa-San_Antonio_Texas.html
San Antonio,Hotel Contessa,https://www.tripadvisor.in/Hotel_Review-g60956-d570285-Reviews-or315-Hotel_Contessa-San_Antonio_Texas.html
San Antonio,Hotel Contessa,https://www.tripadvisor.in/Hotel_Review-g60956-d570285-Reviews-or320-Hotel_Contessa-San_Antonio_Texas.html
San Antonio,Hotel Contessa,https://www.tripadvisor.in/Hotel_Review-g60956-d570285-Reviews-or325-Hotel_Contessa-San_Antonio_Texas.html
San Antonio,Hotel Contessa,https://www.tripadvisor.in/Hotel_Review-g60956-d570285-Reviews-or330-Hotel_Contessa-San_Antonio_Texas.html
San Antonio,Hotel Contessa,https://www.tripadvisor.in/Hotel_Review-g60956-d570285-Reviews-or335-Hotel_Contessa-San_Antonio_Texas.html
San Antonio,Hotel Contessa,https://www.tripadvisor.in/Hotel_Review-g60956-d570285-Reviews-or340-Hotel_Contessa-San_Antonio_Texas.html
San Antonio,Hotel Contessa,https://www.tripadvisor.in/Hotel_Review-g60956-d570285-Reviews-or345-Hotel_Contessa-San_Antonio_Texas.html
San Antonio,Hotel Contessa,https://www.tripadvisor.in/Hotel_Review-g60956-d570285-Reviews-or350-Hotel_Contessa-San_Antonio_Texas.html
San Antonio,Hotel Contessa,https://www.tripadvisor.in/Hotel_Review-g60956-d570285-Reviews-or355-Hotel_Contessa-San_Antonio_Texas.html
San Antonio,Hotel Contessa,https://www.tripadvisor.in/Hotel_Review-g60956-d570285-Reviews-or360-Hotel_Contessa-San_Antonio_Texas.html
San Antonio,Hotel Contessa,https://www.tripadvisor.in/Hotel_Review-g60956-d570285-Reviews-or365-Hotel_Contessa-San_Antonio_Texas.html
San Antonio,Hotel Contessa,https://www.tripadvisor.in/Hotel_Review-g60956-d570285-Reviews-or370-Hotel_Contessa-San_Antonio_Texas.html
San Antonio,Hotel Contessa,https://www.tripadvisor.in/Hotel_Review-g60956-d570285-Reviews-or375-Hotel_Contessa-San_Antonio_Texas.html
San Antonio,Hotel Contessa,https://www.tripadvisor.in/Hotel_Review-g60956-d570285-Reviews-or380-Hotel_Contessa-San_Antonio_Texas.html
San Antonio,Hotel Contessa,https://www.tripadvisor.in/Hotel_Review-g60956-d570285-Reviews-or385-Hotel_Contessa-San_Antonio_Texas.html
San Antonio,Hotel Contessa,https://www.tripadvisor.in/Hotel_Review-g60956-d570285-Reviews-or390-Hotel_Contessa-San_Antonio_Texas.html
San Antonio,Hotel Contessa,https://www.tripadvisor.in/Hotel_Review-g60956-d570285-Reviews-or395-Hotel_Contessa-San_Antonio_Texas.html
San Antonio,Hotel Contessa,https://www.tripadvisor.in/Hotel_Review-g60956-d570285-Reviews-or400-Hotel_Contessa-San_Antonio_Texas.html
San Antonio,Hotel Contessa,https://www.tripadvisor.in/Hotel_Review-g60956-d570285-Reviews-or405-Hotel_Contessa-San_Antonio_Texas.html
San Antonio,Hotel Contessa,https://www.tripadvisor.in/Hotel_Review-g60956-d570285-Reviews-or410-Hotel_Contessa-San_Antonio_Texas.html
San Antonio,Hotel Contessa,https://www.tripadvisor.in/Hotel_Review-g60956-d570285-Reviews-or415-Hotel_Contessa-San_Antonio_Texas.html
San Antonio,Hotel Contessa,https://www.tripadvisor.in/Hotel_Review-g60956-d570285-Reviews-or420-Hotel_Contessa-San_Antonio_Texas.html
San Antonio,Hotel Contessa,https://www.tripadvisor.in/Hotel_Review-g60956-d570285-Reviews-or425-Hotel_Contessa-San_Antonio_Texas.html
San Antonio,Hotel Contessa,https://www.tripadvisor.in/Hotel_Review-g60956-d570285-Reviews-or430-Hotel_Contessa-San_Antonio_Texas.html
San Antonio,Hotel Contessa,https://www.tripadvisor.in/Hotel_Review-g60956-d570285-Reviews-or435-Hotel_Contessa-San_Antonio_Texas.html
San Antonio,Hotel Contessa,https://www.tripadvisor.in/Hotel_Review-g60956-d570285-Reviews-or440-Hotel_Contessa-San_Antonio_Texas.html
San Antonio,Hotel Contessa,https://www.tripadvisor.in/Hotel_Review-g60956-d570285-Reviews-or445-Hotel_Contessa-San_Antonio_Texas.html
San Antonio,Hotel Contessa,https://www.tripadvisor.in/Hotel_Review-g60956-d570285-Reviews-or450-Hotel_Contessa-San_Antonio_Texas.html
San Antonio,Hotel Contessa,https://www.tripadvisor.in/Hotel_Review-g60956-d570285-Reviews-or455-Hotel_Contessa-San_Antonio_Texas.html
San Antonio,Hotel Contessa,https://www.tripadvisor.in/Hotel_Review-g60956-d570285-Reviews-or460-Hotel_Contessa-San_Antonio_Texas.html
San Antonio,Hotel Contessa,https://www.tripadvisor.in/Hotel_Review-g60956-d570285-Reviews-or465-Hotel_Contessa-San_Antonio_Texas.html
San Antonio,Hotel Contessa,https://www.tripadvisor.in/Hotel_Review-g60956-d570285-Reviews-or470-Hotel_Contessa-San_Antonio_Texas.html
San Antonio,Hotel Contessa,https://www.tripadvisor.in/Hotel_Review-g60956-d570285-Reviews-or475-Hotel_Contessa-San_Antonio_Texas.html
San Antonio,Hotel Contessa,https://www.tripadvisor.in/Hotel_Review-g60956-d570285-Reviews-or480-Hotel_Contessa-San_Antonio_Texas.html
San Antonio,Hotel Contessa,https://www.tripadvisor.in/Hotel_Review-g60956-d570285-Reviews-or485-Hotel_Contessa-San_Antonio_Texas.html
San Antonio,Hotel Contessa,https://www.tripadvisor.in/Hotel_Review-g60956-d570285-Reviews-or490-Hotel_Contessa-San_Antonio_Texas.html
San Antonio,Hotel Contessa,https://www.tripadvisor.in/Hotel_Review-g60956-d570285-Reviews-or495-Hotel_Contessa-San_Antonio_Texas.html
San Antonio,Hotel Contessa,https://www.tripadvisor.in/Hotel_Review-g60956-d570285-Reviews-or500-Hotel_Contessa-San_Antonio_Texas.html
San Antonio,Hotel Contessa,https://www.tripadvisor.in/Hotel_Review-g60956-d570285-Reviews-or505-Hotel_Contessa-San_Antonio_Texas.html
San Antonio,Hotel Contessa,https://www.tripadvisor.in/Hotel_Review-g60956-d570285-Reviews-or510-Hotel_Contessa-San_Antonio_Texas.html
San Antonio,Hotel Contessa,https://www.tripadvisor.in/Hotel_Review-g60956-d570285-Reviews-or515-Hotel_Contessa-San_Antonio_Texas.html
San Antonio,Hotel Contessa,https://www.tripadvisor.in/Hotel_Review-g60956-d570285-Reviews-or520-Hotel_Contessa-San_Antonio_Texas.html
San Antonio,Hotel Contessa,https://www.tripadvisor.in/Hotel_Review-g60956-d570285-Reviews-or525-Hotel_Contessa-San_Antonio_Texas.html
San Antonio,Hotel Contessa,https://www.tripadvisor.in/Hotel_Review-g60956-d570285-Reviews-or530-Hotel_Contessa-San_Antonio_Texas.html
San Antonio,Hotel Contessa,https://www.tripadvisor.in/Hotel_Review-g60956-d570285-Reviews-or535-Hotel_Contessa-San_Antonio_Texas.html
San Antonio,Hotel Contessa,https://www.tripadvisor.in/Hotel_Review-g60956-d570285-Reviews-or540-Hotel_Contessa-San_Antonio_Texas.html
San Antonio,Hotel Contessa,https://www.tripadvisor.in/Hotel_Review-g60956-d570285-Reviews-or545-Hotel_Contessa-San_Antonio_Texas.html
San Antonio,Hotel Contessa,https://www.tripadvisor.in/Hotel_Review-g60956-d570285-Reviews-or550-Hotel_Contessa-San_Antonio_Texas.html
San Antonio,Hotel Contessa,https://www.tripadvisor.in/Hotel_Review-g60956-d570285-Reviews-or555-Hotel_Contessa-San_Antonio_Texas.html
San Antonio,Hotel Contessa,https://www.tripadvisor.in/Hotel_Review-g60956-d570285-Reviews-or560-Hotel_Contessa-San_Antonio_Texas.html
San Antonio,Hotel Contessa,https://www.tripadvisor.in/Hotel_Review-g60956-d570285-Reviews-or565-Hotel_Contessa-San_Antonio_Texas.html
San Antonio,Hotel Contessa,https://www.tripadvisor.in/Hotel_Review-g60956-d570285-Reviews-or570-Hotel_Contessa-San_Antonio_Texas.html
San Antonio,Hotel Contessa,https://www.tripadvisor.in/Hotel_Review-g60956-d570285-Reviews-or575-Hotel_Contessa-San_Antonio_Texas.html
San Antonio,Hotel Contessa,https://www.tripadvisor.in/Hotel_Review-g60956-d570285-Reviews-or580-Hotel_Contessa-San_Antonio_Texas.html
San Antonio,Hotel Contessa,https://www.tripadvisor.in/Hotel_Review-g60956-d570285-Reviews-or585-Hotel_Contessa-San_Antonio_Texas.html
San Antonio,Hotel Contessa,https://www.tripadvisor.in/Hotel_Review-g60956-d570285-Reviews-or590-Hotel_Contessa-San_Antonio_Texas.html
San Antonio,Hotel Contessa,https://www.tripadvisor.in/Hotel_Review-g60956-d570285-Reviews-or595-Hotel_Contessa-San_Antonio_Texas.html
San Antonio,Hotel Contessa,https://www.tripadvisor.in/Hotel_Review-g60956-d570285-Reviews-or600-Hotel_Contessa-San_Antonio_Texas.html
San Antonio,Hotel Contessa,https://www.tripadvisor.in/Hotel_Review-g60956-d570285-Reviews-or605-Hotel_Contessa-San_Antonio_Texas.html
San Antonio,Hotel Contessa,https://www.tripadvisor.in/Hotel_Review-g60956-d570285-Reviews-or610-Hotel_Contessa-San_Antonio_Texas.html
San Antonio,Hotel Contessa,https://www.tripadvisor.in/Hotel_Review-g60956-d570285-Reviews-or615-Hotel_Contessa-San_Antonio_Texas.html
San Antonio,Hotel Contessa,https://www.tripadvisor.in/Hotel_Review-g60956-d570285-Reviews-or620-Hotel_Contessa-San_Antonio_Texas.html
San Antonio,Hotel Contessa,https://www.tripadvisor.in/Hotel_Review-g60956-d570285-Reviews-or625-Hotel_Contessa-San_Antonio_Texas.html
San Antonio,Hotel Contessa,https://www.tripadvisor.in/Hotel_Review-g60956-d570285-Reviews-or630-Hotel_Contessa-San_Antonio_Texas.html
San Antonio,Hotel Contessa,https://www.tripadvisor.in/Hotel_Review-g60956-d570285-Reviews-or635-Hotel_Contessa-San_Antonio_Texas.html
San Antonio,Hotel Contessa,https://www.tripadvisor.in/Hotel_Review-g60956-d570285-Reviews-or640-Hotel_Contessa-San_Antonio_Texas.html
San Antonio,Hotel Contessa,https://www.tripadvisor.in/Hotel_Review-g60956-d570285-Reviews-or645-Hotel_Contessa-San_Antonio_Texas.html
San Antonio,Hotel Contessa,https://www.tripadvisor.in/Hotel_Review-g60956-d570285-Reviews-or650-Hotel_Contessa-San_Antonio_Texas.html
San Antonio,Hotel Contessa,https://www.tripadvisor.in/Hotel_Review-g60956-d570285-Reviews-or655-Hotel_Contessa-San_Antonio_Texas.html
San Antonio,Hotel Contessa,https://www.tripadvisor.in/Hotel_Review-g60956-d570285-Reviews-or660-Hotel_Contessa-San_Antonio_Texas.html
San Antonio,Hotel Contessa,https://www.tripadvisor.in/Hotel_Review-g60956-d570285-Reviews-or665-Hotel_Contessa-San_Antonio_Texas.html
San Antonio,Hotel Contessa,https://www.tripadvisor.in/Hotel_Review-g60956-d570285-Reviews-or670-Hotel_Contessa-San_Antonio_Texas.html
San Antonio,Hotel Contessa,https://www.tripadvisor.in/Hotel_Review-g60956-d570285-Reviews-or675-Hotel_Contessa-San_Antonio_Texas.html
San Antonio,Hotel Contessa,https://www.tripadvisor.in/Hotel_Review-g60956-d570285-Reviews-or680-Hotel_Contessa-San_Antonio_Texas.html
San Antonio,Hotel Contessa,https://www.tripadvisor.in/Hotel_Review-g60956-d570285-Reviews-or685-Hotel_Contessa-San_Antonio_Texas.html
San Antonio,Hotel Contessa,https://www.tripadvisor.in/Hotel_Review-g60956-d570285-Reviews-or690-Hotel_Contessa-San_Antonio_Texas.html
San Antonio,Hotel Contessa,https://www.tripadvisor.in/Hotel_Review-g60956-d570285-Reviews-or695-Hotel_Contessa-San_Antonio_Texas.html
San Antonio,Hotel Contessa,https://www.tripadvisor.in/Hotel_Review-g60956-d570285-Reviews-or700-Hotel_Contessa-San_Antonio_Texas.html
San Antonio,Hotel Contessa,https://www.tripadvisor.in/Hotel_Review-g60956-d570285-Reviews-or705-Hotel_Contessa-San_Antonio_Texas.html
San Antonio,Hotel Contessa,https://www.tripadvisor.in/Hotel_Review-g60956-d570285-Reviews-or710-Hotel_Contessa-San_Antonio_Texas.html
San Antonio,Hotel Contessa,https://www.tripadvisor.in/Hotel_Review-g60956-d570285-Reviews-or715-Hotel_Contessa-San_Antonio_Texas.html
San Antonio,Hotel Contessa,https://www.tripadvisor.in/Hotel_Review-g60956-d570285-Reviews-or720-Hotel_Contessa-San_Antonio_Texas.html
San Antonio,Hotel Contessa,https://www.tripadvisor.in/Hotel_Review-g60956-d570285-Reviews-or725-Hotel_Contessa-San_Antonio_Texas.html
San Antonio,Hotel Contessa,https://www.tripadvisor.in/Hotel_Review-g60956-d570285-Reviews-or730-Hotel_Contessa-San_Antonio_Texas.html
San Antonio,Hotel Contessa,https://www.tripadvisor.in/Hotel_Review-g60956-d570285-Reviews-or735-Hotel_Contessa-San_Antonio_Texas.html
San Antonio,Hotel Contessa,https://www.tripadvisor.in/Hotel_Review-g60956-d570285-Reviews-or740-Hotel_Contessa-San_Antonio_Texas.html
San Antonio,Hotel Contessa,https://www.tripadvisor.in/Hotel_Review-g60956-d570285-Reviews-or745-Hotel_Contessa-San_Antonio_Texas.html
San Antonio,Hotel Contessa,https://www.tripadvisor.in/Hotel_Review-g60956-d570285-Reviews-or750-Hotel_Contessa-San_Antonio_Texas.html
San Antonio,Hotel Contessa,https://www.tripadvisor.in/Hotel_Review-g60956-d570285-Reviews-or755-Hotel_Contessa-San_Antonio_Texas.html
San Antonio,Hotel Contessa,https://www.tripadvisor.in/Hotel_Review-g60956-d570285-Reviews-or760-Hotel_Contessa-San_Antonio_Texas.html
San Antonio,Hotel Contessa,https://www.tripadvisor.in/Hotel_Review-g60956-d570285-Reviews-or765-Hotel_Contessa-San_Antonio_Texas.html
San Antonio,Hotel Contessa,https://www.tripadvisor.in/Hotel_Review-g60956-d570285-Reviews-or770-Hotel_Contessa-San_Antonio_Texas.html
San Antonio,Hotel Contessa,https://www.tripadvisor.in/Hotel_Review-g60956-d570285-Reviews-or775-Hotel_Contessa-San_Antonio_Texas.html
San Antonio,Hotel Contessa,https://www.tripadvisor.in/Hotel_Review-g60956-d570285-Reviews-or780-Hotel_Contessa-San_Antonio_Texas.html
San Antonio,Hotel Contessa,https://www.tripadvisor.in/Hotel_Review-g60956-d570285-Reviews-or785-Hotel_Contessa-San_Antonio_Texas.html
San Antonio,Hotel Contessa,https://www.tripadvisor.in/Hotel_Review-g60956-d570285-Reviews-or790-Hotel_Contessa-San_Antonio_Texas.html
San Antonio,Hotel Contessa,https://www.tripadvisor.in/Hotel_Review-g60956-d570285-Reviews-or795-Hotel_Contessa-San_Antonio_Texas.html
San Antonio,Hotel Contessa,https://www.tripadvisor.in/Hotel_Review-g60956-d570285-Reviews-or800-Hotel_Contessa-San_Antonio_Texas.html
San Antonio,Hotel Contessa,https://www.tripadvisor.in/Hotel_Review-g60956-d570285-Reviews-or805-Hotel_Contessa-San_Antonio_Texas.html
San Antonio,Hotel Contessa,https://www.tripadvisor.in/Hotel_Review-g60956-d570285-Reviews-or810-Hotel_Contessa-San_Antonio_Texas.html
San Antonio,Hotel Contessa,https://www.tripadvisor.in/Hotel_Review-g60956-d570285-Reviews-or815-Hotel_Contessa-San_Antonio_Texas.html
San Antonio,Hotel Contessa,https://www.tripadvisor.in/Hotel_Review-g60956-d570285-Reviews-or820-Hotel_Contessa-San_Antonio_Texas.html
San Antonio,Hotel Contessa,https://www.tripadvisor.in/Hotel_Review-g60956-d570285-Reviews-or825-Hotel_Contessa-San_Antonio_Texas.html
San Antonio,Hotel Contessa,https://www.tripadvisor.in/Hotel_Review-g60956-d570285-Reviews-or830-Hotel_Contessa-San_Antonio_Texas.html
San Antonio,Hotel Contessa,https://www.tripadvisor.in/Hotel_Review-g60956-d570285-Reviews-or835-Hotel_Contessa-San_Antonio_Texas.html
San Antonio,Hotel Contessa,https://www.tripadvisor.in/Hotel_Review-g60956-d570285-Reviews-or840-Hotel_Contessa-San_Antonio_Texas.html
San Antonio,Hotel Contessa,https://www.tripadvisor.in/Hotel_Review-g60956-d570285-Reviews-or845-Hotel_Contessa-San_Antonio_Texas.html
San Antonio,Hotel Contessa,https://www.tripadvisor.in/Hotel_Review-g60956-d570285-Reviews-or850-Hotel_Contessa-San_Antonio_Texas.html
San Antonio,Hotel Contessa,https://www.tripadvisor.in/Hotel_Review-g60956-d570285-Reviews-or855-Hotel_Contessa-San_Antonio_Texas.html
San Antonio,Hotel Contessa,https://www.tripadvisor.in/Hotel_Review-g60956-d570285-Reviews-or860-Hotel_Contessa-San_Antonio_Texas.html
San Antonio,Hotel Contessa,https://www.tripadvisor.in/Hotel_Review-g60956-d570285-Reviews-or865-Hotel_Contessa-San_Antonio_Texas.html
San Antonio,Hotel Contessa,https://www.tripadvisor.in/Hotel_Review-g60956-d570285-Reviews-or870-Hotel_Contessa-San_Antonio_Texas.html
San Antonio,"The St. Anthony, a Luxury Collection Hotel, San Antonio",https://www.tripadvisor.in/Hotel_Review-g60956-d99423-Reviews-or5-The_St_Anthony_a_Luxury_Collection_Hotel_San_Antonio-San_Antonio_Texas.html
San Antonio,"The St. Anthony, a Luxury Collection Hotel, San Antonio",https://www.tripadvisor.in/Hotel_Review-g60956-d99423-Reviews-or10-The_St_Anthony_a_Luxury_Collection_Hotel_San_Antonio-San_Antonio_Texas.html
San Antonio,"The St. Anthony, a Luxury Collection Hotel, San Antonio",https://www.tripadvisor.in/Hotel_Review-g60956-d99423-Reviews-or15-The_St_Anthony_a_Luxury_Collection_Hotel_San_Antonio-San_Antonio_Texas.html
San Antonio,"The St. Anthony, a Luxury Collection Hotel, San Antonio",https://www.tripadvisor.in/Hotel_Review-g60956-d99423-Reviews-or20-The_St_Anthony_a_Luxury_Collection_Hotel_San_Antonio-San_Antonio_Texas.html
San Antonio,"The St. Anthony, a Luxury Collection Hotel, San Antonio",https://www.tripadvisor.in/Hotel_Review-g60956-d99423-Reviews-or25-The_St_Anthony_a_Luxury_Collection_Hotel_San_Antonio-San_Antonio_Texas.html
San Antonio,"The St. Anthony, a Luxury Collection Hotel, San Antonio",https://www.tripadvisor.in/Hotel_Review-g60956-d99423-Reviews-or30-The_St_Anthony_a_Luxury_Collection_Hotel_San_Antonio-San_Antonio_Texas.html
San Antonio,"The St. Anthony, a Luxury Collection Hotel, San Antonio",https://www.tripadvisor.in/Hotel_Review-g60956-d99423-Reviews-or35-The_St_Anthony_a_Luxury_Collection_Hotel_San_Antonio-San_Antonio_Texas.html
San Antonio,"The St. Anthony, a Luxury Collection Hotel, San Antonio",https://www.tripadvisor.in/Hotel_Review-g60956-d99423-Reviews-or40-The_St_Anthony_a_Luxury_Collection_Hotel_San_Antonio-San_Antonio_Texas.html
San Antonio,"The St. Anthony, a Luxury Collection Hotel, San Antonio",https://www.tripadvisor.in/Hotel_Review-g60956-d99423-Reviews-or45-The_St_Anthony_a_Luxury_Collection_Hotel_San_Antonio-San_Antonio_Texas.html
San Antonio,"The St. Anthony, a Luxury Collection Hotel, San Antonio",https://www.tripadvisor.in/Hotel_Review-g60956-d99423-Reviews-or50-The_St_Anthony_a_Luxury_Collection_Hotel_San_Antonio-San_Antonio_Texas.html
San Antonio,"The St. Anthony, a Luxury Collection Hotel, San Antonio",https://www.tripadvisor.in/Hotel_Review-g60956-d99423-Reviews-or55-The_St_Anthony_a_Luxury_Collection_Hotel_San_Antonio-San_Antonio_Texas.html
San Antonio,"The St. Anthony, a Luxury Collection Hotel, San Antonio",https://www.tripadvisor.in/Hotel_Review-g60956-d99423-Reviews-or60-The_St_Anthony_a_Luxury_Collection_Hotel_San_Antonio-San_Antonio_Texas.html
San Antonio,"The St. Anthony, a Luxury Collection Hotel, San Antonio",https://www.tripadvisor.in/Hotel_Review-g60956-d99423-Reviews-or65-The_St_Anthony_a_Luxury_Collection_Hotel_San_Antonio-San_Antonio_Texas.html
San Antonio,"The St. Anthony, a Luxury Collection Hotel, San Antonio",https://www.tripadvisor.in/Hotel_Review-g60956-d99423-Reviews-or70-The_St_Anthony_a_Luxury_Collection_Hotel_San_Antonio-San_Antonio_Texas.html
San Antonio,"The St. Anthony, a Luxury Collection Hotel, San Antonio",https://www.tripadvisor.in/Hotel_Review-g60956-d99423-Reviews-or75-The_St_Anthony_a_Luxury_Collection_Hotel_San_Antonio-San_Antonio_Texas.html
San Antonio,"The St. Anthony, a Luxury Collection Hotel, San Antonio",https://www.tripadvisor.in/Hotel_Review-g60956-d99423-Reviews-or80-The_St_Anthony_a_Luxury_Collection_Hotel_San_Antonio-San_Antonio_Texas.html
San Antonio,"The St. Anthony, a Luxury Collection Hotel, San Antonio",https://www.tripadvisor.in/Hotel_Review-g60956-d99423-Reviews-or85-The_St_Anthony_a_Luxury_Collection_Hotel_San_Antonio-San_Antonio_Texas.html
San Antonio,"The St. Anthony, a Luxury Collection Hotel, San Antonio",https://www.tripadvisor.in/Hotel_Review-g60956-d99423-Reviews-or90-The_St_Anthony_a_Luxury_Collection_Hotel_San_Antonio-San_Antonio_Texas.html
San Antonio,"The St. Anthony, a Luxury Collection Hotel, San Antonio",https://www.tripadvisor.in/Hotel_Review-g60956-d99423-Reviews-or95-The_St_Anthony_a_Luxury_Collection_Hotel_San_Antonio-San_Antonio_Texas.html
San Antonio,"The St. Anthony, a Luxury Collection Hotel, San Antonio",https://www.tripadvisor.in/Hotel_Review-g60956-d99423-Reviews-or100-The_St_Anthony_a_Luxury_Collection_Hotel_San_Antonio-San_Antonio_Texas.html
San Antonio,"The St. Anthony, a Luxury Collection Hotel, San Antonio",https://www.tripadvisor.in/Hotel_Review-g60956-d99423-Reviews-or105-The_St_Anthony_a_Luxury_Collection_Hotel_San_Antonio-San_Antonio_Texas.html
San Antonio,"The St. Anthony, a Luxury Collection Hotel, San Antonio",https://www.tripadvisor.in/Hotel_Review-g60956-d99423-Reviews-or110-The_St_Anthony_a_Luxury_Collection_Hotel_San_Antonio-San_Antonio_Texas.html
San Antonio,"The St. Anthony, a Luxury Collection Hotel, San Antonio",https://www.tripadvisor.in/Hotel_Review-g60956-d99423-Reviews-or115-The_St_Anthony_a_Luxury_Collection_Hotel_San_Antonio-San_Antonio_Texas.html
San Antonio,"The St. Anthony, a Luxury Collection Hotel, San Antonio",https://www.tripadvisor.in/Hotel_Review-g60956-d99423-Reviews-or120-The_St_Anthony_a_Luxury_Collection_Hotel_San_Antonio-San_Antonio_Texas.html
San Antonio,"The St. Anthony, a Luxury Collection Hotel, San Antonio",https://www.tripadvisor.in/Hotel_Review-g60956-d99423-Reviews-or125-The_St_Anthony_a_Luxury_Collection_Hotel_San_Antonio-San_Antonio_Texas.html
San Antonio,"The St. Anthony, a Luxury Collection Hotel, San Antonio",https://www.tripadvisor.in/Hotel_Review-g60956-d99423-Reviews-or130-The_St_Anthony_a_Luxury_Collection_Hotel_San_Antonio-San_Antonio_Texas.html
San Antonio,"The St. Anthony, a Luxury Collection Hotel, San Antonio",https://www.tripadvisor.in/Hotel_Review-g60956-d99423-Reviews-or135-The_St_Anthony_a_Luxury_Collection_Hotel_San_Antonio-San_Antonio_Texas.html
San Antonio,"The St. Anthony, a Luxury Collection Hotel, San Antonio",https://www.tripadvisor.in/Hotel_Review-g60956-d99423-Reviews-or140-The_St_Anthony_a_Luxury_Collection_Hotel_San_Antonio-San_Antonio_Texas.html
San Antonio,"The St. Anthony, a Luxury Collection Hotel, San Antonio",https://www.tripadvisor.in/Hotel_Review-g60956-d99423-Reviews-or145-The_St_Anthony_a_Luxury_Collection_Hotel_San_Antonio-San_Antonio_Texas.html
San Antonio,"The St. Anthony, a Luxury Collection Hotel, San Antonio",https://www.tripadvisor.in/Hotel_Review-g60956-d99423-Reviews-or150-The_St_Anthony_a_Luxury_Collection_Hotel_San_Antonio-San_Antonio_Texas.html
San Antonio,"The St. Anthony, a Luxury Collection Hotel, San Antonio",https://www.tripadvisor.in/Hotel_Review-g60956-d99423-Reviews-or155-The_St_Anthony_a_Luxury_Collection_Hotel_San_Antonio-San_Antonio_Texas.html
San Antonio,"The St. Anthony, a Luxury Collection Hotel, San Antonio",https://www.tripadvisor.in/Hotel_Review-g60956-d99423-Reviews-or160-The_St_Anthony_a_Luxury_Collection_Hotel_San_Antonio-San_Antonio_Texas.html
San Antonio,"The St. Anthony, a Luxury Collection Hotel, San Antonio",https://www.tripadvisor.in/Hotel_Review-g60956-d99423-Reviews-or165-The_St_Anthony_a_Luxury_Collection_Hotel_San_Antonio-San_Antonio_Texas.html
San Antonio,"The St. Anthony, a Luxury Collection Hotel, San Antonio",https://www.tripadvisor.in/Hotel_Review-g60956-d99423-Reviews-or170-The_St_Anthony_a_Luxury_Collection_Hotel_San_Antonio-San_Antonio_Texas.html
San Antonio,"The St. Anthony, a Luxury Collection Hotel, San Antonio",https://www.tripadvisor.in/Hotel_Review-g60956-d99423-Reviews-or175-The_St_Anthony_a_Luxury_Collection_Hotel_San_Antonio-San_Antonio_Texas.html
San Antonio,"The St. Anthony, a Luxury Collection Hotel, San Antonio",https://www.tripadvisor.in/Hotel_Review-g60956-d99423-Reviews-or180-The_St_Anthony_a_Luxury_Collection_Hotel_San_Antonio-San_Antonio_Texas.html
San Antonio,"The St. Anthony, a Luxury Collection Hotel, San Antonio",https://www.tripadvisor.in/Hotel_Review-g60956-d99423-Reviews-or185-The_St_Anthony_a_Luxury_Collection_Hotel_San_Antonio-San_Antonio_Texas.html
San Antonio,"The St. Anthony, a Luxury Collection Hotel, San Antonio",https://www.tripadvisor.in/Hotel_Review-g60956-d99423-Reviews-or190-The_St_Anthony_a_Luxury_Collection_Hotel_San_Antonio-San_Antonio_Texas.html
San Antonio,"The St. Anthony, a Luxury Collection Hotel, San Antonio",https://www.tripadvisor.in/Hotel_Review-g60956-d99423-Reviews-or195-The_St_Anthony_a_Luxury_Collection_Hotel_San_Antonio-San_Antonio_Texas.html
San Antonio,"The St. Anthony, a Luxury Collection Hotel, San Antonio",https://www.tripadvisor.in/Hotel_Review-g60956-d99423-Reviews-or200-The_St_Anthony_a_Luxury_Collection_Hotel_San_Antonio-San_Antonio_Texas.html
San Antonio,"The St. Anthony, a Luxury Collection Hotel, San Antonio",https://www.tripadvisor.in/Hotel_Review-g60956-d99423-Reviews-or205-The_St_Anthony_a_Luxury_Collection_Hotel_San_Antonio-San_Antonio_Texas.html
San Antonio,"The St. Anthony, a Luxury Collection Hotel, San Antonio",https://www.tripadvisor.in/Hotel_Review-g60956-d99423-Reviews-or210-The_St_Anthony_a_Luxury_Collection_Hotel_San_Antonio-San_Antonio_Texas.html
San Antonio,"The St. Anthony, a Luxury Collection Hotel, San Antonio",https://www.tripadvisor.in/Hotel_Review-g60956-d99423-Reviews-or215-The_St_Anthony_a_Luxury_Collection_Hotel_San_Antonio-San_Antonio_Texas.html
San Antonio,"The St. Anthony, a Luxury Collection Hotel, San Antonio",https://www.tripadvisor.in/Hotel_Review-g60956-d99423-Reviews-or220-The_St_Anthony_a_Luxury_Collection_Hotel_San_Antonio-San_Antonio_Texas.html
San Antonio,"The St. Anthony, a Luxury Collection Hotel, San Antonio",https://www.tripadvisor.in/Hotel_Review-g60956-d99423-Reviews-or225-The_St_Anthony_a_Luxury_Collection_Hotel_San_Antonio-San_Antonio_Texas.html
San Antonio,"The St. Anthony, a Luxury Collection Hotel, San Antonio",https://www.tripadvisor.in/Hotel_Review-g60956-d99423-Reviews-or230-The_St_Anthony_a_Luxury_Collection_Hotel_San_Antonio-San_Antonio_Texas.html
San Antonio,"The St. Anthony, a Luxury Collection Hotel, San Antonio",https://www.tripadvisor.in/Hotel_Review-g60956-d99423-Reviews-or235-The_St_Anthony_a_Luxury_Collection_Hotel_San_Antonio-San_Antonio_Texas.html
San Antonio,"The St. Anthony, a Luxury Collection Hotel, San Antonio",https://www.tripadvisor.in/Hotel_Review-g60956-d99423-Reviews-or240-The_St_Anthony_a_Luxury_Collection_Hotel_San_Antonio-San_Antonio_Texas.html
San Antonio,"The St. Anthony, a Luxury Collection Hotel, San Antonio",https://www.tripadvisor.in/Hotel_Review-g60956-d99423-Reviews-or245-The_St_Anthony_a_Luxury_Collection_Hotel_San_Antonio-San_Antonio_Texas.html
San Antonio,"The St. Anthony, a Luxury Collection Hotel, San Antonio",https://www.tripadvisor.in/Hotel_Review-g60956-d99423-Reviews-or250-The_St_Anthony_a_Luxury_Collection_Hotel_San_Antonio-San_Antonio_Texas.html
San Antonio,"The St. Anthony, a Luxury Collection Hotel, San Antonio",https://www.tripadvisor.in/Hotel_Review-g60956-d99423-Reviews-or255-The_St_Anthony_a_Luxury_Collection_Hotel_San_Antonio-San_Antonio_Texas.html
San Antonio,"The St. Anthony, a Luxury Collection Hotel, San Antonio",https://www.tripadvisor.in/Hotel_Review-g60956-d99423-Reviews-or260-The_St_Anthony_a_Luxury_Collection_Hotel_San_Antonio-San_Antonio_Texas.html
San Antonio,"The St. Anthony, a Luxury Collection Hotel, San Antonio",https://www.tripadvisor.in/Hotel_Review-g60956-d99423-Reviews-or265-The_St_Anthony_a_Luxury_Collection_Hotel_San_Antonio-San_Antonio_Texas.html
San Antonio,"The St. Anthony, a Luxury Collection Hotel, San Antonio",https://www.tripadvisor.in/Hotel_Review-g60956-d99423-Reviews-or270-The_St_Anthony_a_Luxury_Collection_Hotel_San_Antonio-San_Antonio_Texas.html
San Antonio,"The St. Anthony, a Luxury Collection Hotel, San Antonio",https://www.tripadvisor.in/Hotel_Review-g60956-d99423-Reviews-or275-The_St_Anthony_a_Luxury_Collection_Hotel_San_Antonio-San_Antonio_Texas.html
San Antonio,"The St. Anthony, a Luxury Collection Hotel, San Antonio",https://www.tripadvisor.in/Hotel_Review-g60956-d99423-Reviews-or280-The_St_Anthony_a_Luxury_Collection_Hotel_San_Antonio-San_Antonio_Texas.html
San Antonio,"The St. Anthony, a Luxury Collection Hotel, San Antonio",https://www.tripadvisor.in/Hotel_Review-g60956-d99423-Reviews-or285-The_St_Anthony_a_Luxury_Collection_Hotel_San_Antonio-San_Antonio_Texas.html
San Antonio,"The St. Anthony, a Luxury Collection Hotel, San Antonio",https://www.tripadvisor.in/Hotel_Review-g60956-d99423-Reviews-or290-The_St_Anthony_a_Luxury_Collection_Hotel_San_Antonio-San_Antonio_Texas.html
San Antonio,"The St. Anthony, a Luxury Collection Hotel, San Antonio",https://www.tripadvisor.in/Hotel_Review-g60956-d99423-Reviews-or295-The_St_Anthony_a_Luxury_Collection_Hotel_San_Antonio-San_Antonio_Texas.html
San Antonio,"The St. Anthony, a Luxury Collection Hotel, San Antonio",https://www.tripadvisor.in/Hotel_Review-g60956-d99423-Reviews-or300-The_St_Anthony_a_Luxury_Collection_Hotel_San_Antonio-San_Antonio_Texas.html
San Antonio,"The St. Anthony, a Luxury Collection Hotel, San Antonio",https://www.tripadvisor.in/Hotel_Review-g60956-d99423-Reviews-or305-The_St_Anthony_a_Luxury_Collection_Hotel_San_Antonio-San_Antonio_Texas.html
San Antonio,"The St. Anthony, a Luxury Collection Hotel, San Antonio",https://www.tripadvisor.in/Hotel_Review-g60956-d99423-Reviews-or310-The_St_Anthony_a_Luxury_Collection_Hotel_San_Antonio-San_Antonio_Texas.html
San Antonio,"The St. Anthony, a Luxury Collection Hotel, San Antonio",https://www.tripadvisor.in/Hotel_Review-g60956-d99423-Reviews-or315-The_St_Anthony_a_Luxury_Collection_Hotel_San_Antonio-San_Antonio_Texas.html
San Antonio,"The St. Anthony, a Luxury Collection Hotel, San Antonio",https://www.tripadvisor.in/Hotel_Review-g60956-d99423-Reviews-or320-The_St_Anthony_a_Luxury_Collection_Hotel_San_Antonio-San_Antonio_Texas.html
San Antonio,"The St. Anthony, a Luxury Collection Hotel, San Antonio",https://www.tripadvisor.in/Hotel_Review-g60956-d99423-Reviews-or325-The_St_Anthony_a_Luxury_Collection_Hotel_San_Antonio-San_Antonio_Texas.html
San Antonio,"The St. Anthony, a Luxury Collection Hotel, San Antonio",https://www.tripadvisor.in/Hotel_Review-g60956-d99423-Reviews-or330-The_St_Anthony_a_Luxury_Collection_Hotel_San_Antonio-San_Antonio_Texas.html
San Antonio,"The St. Anthony, a Luxury Collection Hotel, San Antonio",https://www.tripadvisor.in/Hotel_Review-g60956-d99423-Reviews-or335-The_St_Anthony_a_Luxury_Collection_Hotel_San_Antonio-San_Antonio_Texas.html
San Antonio,"The St. Anthony, a Luxury Collection Hotel, San Antonio",https://www.tripadvisor.in/Hotel_Review-g60956-d99423-Reviews-or340-The_St_Anthony_a_Luxury_Collection_Hotel_San_Antonio-San_Antonio_Texas.html
San Antonio,"The St. Anthony, a Luxury Collection Hotel, San Antonio",https://www.tripadvisor.in/Hotel_Review-g60956-d99423-Reviews-or345-The_St_Anthony_a_Luxury_Collection_Hotel_San_Antonio-San_Antonio_Texas.html
San Antonio,"The St. Anthony, a Luxury Collection Hotel, San Antonio",https://www.tripadvisor.in/Hotel_Review-g60956-d99423-Reviews-or350-The_St_Anthony_a_Luxury_Collection_Hotel_San_Antonio-San_Antonio_Texas.html
San Antonio,"The St. Anthony, a Luxury Collection Hotel, San Antonio",https://www.tripadvisor.in/Hotel_Review-g60956-d99423-Reviews-or355-The_St_Anthony_a_Luxury_Collection_Hotel_San_Antonio-San_Antonio_Texas.html
San Antonio,"The St. Anthony, a Luxury Collection Hotel, San Antonio",https://www.tripadvisor.in/Hotel_Review-g60956-d99423-Reviews-or360-The_St_Anthony_a_Luxury_Collection_Hotel_San_Antonio-San_Antonio_Texas.html
San Antonio,"The St. Anthony, a Luxury Collection Hotel, San Antonio",https://www.tripadvisor.in/Hotel_Review-g60956-d99423-Reviews-or365-The_St_Anthony_a_Luxury_Collection_Hotel_San_Antonio-San_Antonio_Texas.html
San Antonio,"The St. Anthony, a Luxury Collection Hotel, San Antonio",https://www.tripadvisor.in/Hotel_Review-g60956-d99423-Reviews-or370-The_St_Anthony_a_Luxury_Collection_Hotel_San_Antonio-San_Antonio_Texas.html
San Antonio,"The St. Anthony, a Luxury Collection Hotel, San Antonio",https://www.tripadvisor.in/Hotel_Review-g60956-d99423-Reviews-or375-The_St_Anthony_a_Luxury_Collection_Hotel_San_Antonio-San_Antonio_Texas.html
San Antonio,"The St. Anthony, a Luxury Collection Hotel, San Antonio",https://www.tripadvisor.in/Hotel_Review-g60956-d99423-Reviews-or380-The_St_Anthony_a_Luxury_Collection_Hotel_San_Antonio-San_Antonio_Texas.html
San Antonio,"The St. Anthony, a Luxury Collection Hotel, San Antonio",https://www.tripadvisor.in/Hotel_Review-g60956-d99423-Reviews-or385-The_St_Anthony_a_Luxury_Collection_Hotel_San_Antonio-San_Antonio_Texas.html
San Antonio,"The St. Anthony, a Luxury Collection Hotel, San Antonio",https://www.tripadvisor.in/Hotel_Review-g60956-d99423-Reviews-or390-The_St_Anthony_a_Luxury_Collection_Hotel_San_Antonio-San_Antonio_Texas.html
San Antonio,"The St. Anthony, a Luxury Collection Hotel, San Antonio",https://www.tripadvisor.in/Hotel_Review-g60956-d99423-Reviews-or395-The_St_Anthony_a_Luxury_Collection_Hotel_San_Antonio-San_Antonio_Texas.html
San Antonio,"The St. Anthony, a Luxury Collection Hotel, San Antonio",https://www.tripadvisor.in/Hotel_Review-g60956-d99423-Reviews-or400-The_St_Anthony_a_Luxury_Collection_Hotel_San_Antonio-San_Antonio_Texas.html
San Antonio,"The St. Anthony, a Luxury Collection Hotel, San Antonio",https://www.tripadvisor.in/Hotel_Review-g60956-d99423-Reviews-or405-The_St_Anthony_a_Luxury_Collection_Hotel_San_Antonio-San_Antonio_Texas.html
San Antonio,"The St. Anthony, a Luxury Collection Hotel, San Antonio",https://www.tripadvisor.in/Hotel_Review-g60956-d99423-Reviews-or410-The_St_Anthony_a_Luxury_Collection_Hotel_San_Antonio-San_Antonio_Texas.html
San Antonio,"The St. Anthony, a Luxury Collection Hotel, San Antonio",https://www.tripadvisor.in/Hotel_Review-g60956-d99423-Reviews-or415-The_St_Anthony_a_Luxury_Collection_Hotel_San_Antonio-San_Antonio_Texas.html
San Antonio,"The St. Anthony, a Luxury Collection Hotel, San Antonio",https://www.tripadvisor.in/Hotel_Review-g60956-d99423-Reviews-or420-The_St_Anthony_a_Luxury_Collection_Hotel_San_Antonio-San_Antonio_Texas.html
San Antonio,"The St. Anthony, a Luxury Collection Hotel, San Antonio",https://www.tripadvisor.in/Hotel_Review-g60956-d99423-Reviews-or425-The_St_Anthony_a_Luxury_Collection_Hotel_San_Antonio-San_Antonio_Texas.html
San Antonio,"The St. Anthony, a Luxury Collection Hotel, San Antonio",https://www.tripadvisor.in/Hotel_Review-g60956-d99423-Reviews-or430-The_St_Anthony_a_Luxury_Collection_Hotel_San_Antonio-San_Antonio_Texas.html
San Antonio,"The St. Anthony, a Luxury Collection Hotel, San Antonio",https://www.tripadvisor.in/Hotel_Review-g60956-d99423-Reviews-or435-The_St_Anthony_a_Luxury_Collection_Hotel_San_Antonio-San_Antonio_Texas.html
San Antonio,"The St. Anthony, a Luxury Collection Hotel, San Antonio",https://www.tripadvisor.in/Hotel_Review-g60956-d99423-Reviews-or440-The_St_Anthony_a_Luxury_Collection_Hotel_San_Antonio-San_Antonio_Texas.html
San Antonio,"The St. Anthony, a Luxury Collection Hotel, San Antonio",https://www.tripadvisor.in/Hotel_Review-g60956-d99423-Reviews-or445-The_St_Anthony_a_Luxury_Collection_Hotel_San_Antonio-San_Antonio_Texas.html
San Antonio,"The St. Anthony, a Luxury Collection Hotel, San Antonio",https://www.tripadvisor.in/Hotel_Review-g60956-d99423-Reviews-or450-The_St_Anthony_a_Luxury_Collection_Hotel_San_Antonio-San_Antonio_Texas.html
San Antonio,"The St. Anthony, a Luxury Collection Hotel, San Antonio",https://www.tripadvisor.in/Hotel_Review-g60956-d99423-Reviews-or455-The_St_Anthony_a_Luxury_Collection_Hotel_San_Antonio-San_Antonio_Texas.html
San Antonio,"The St. Anthony, a Luxury Collection Hotel, San Antonio",https://www.tripadvisor.in/Hotel_Review-g60956-d99423-Reviews-or460-The_St_Anthony_a_Luxury_Collection_Hotel_San_Antonio-San_Antonio_Texas.html
San Antonio,"The St. Anthony, a Luxury Collection Hotel, San Antonio",https://www.tripadvisor.in/Hotel_Review-g60956-d99423-Reviews-or465-The_St_Anthony_a_Luxury_Collection_Hotel_San_Antonio-San_Antonio_Texas.html
San Antonio,"The St. Anthony, a Luxury Collection Hotel, San Antonio",https://www.tripadvisor.in/Hotel_Review-g60956-d99423-Reviews-or470-The_St_Anthony_a_Luxury_Collection_Hotel_San_Antonio-San_Antonio_Texas.html
San Antonio,"The St. Anthony, a Luxury Collection Hotel, San Antonio",https://www.tripadvisor.in/Hotel_Review-g60956-d99423-Reviews-or475-The_St_Anthony_a_Luxury_Collection_Hotel_San_Antonio-San_Antonio_Texas.html
San Antonio,"The St. Anthony, a Luxury Collection Hotel, San Antonio",https://www.tripadvisor.in/Hotel_Review-g60956-d99423-Reviews-or480-The_St_Anthony_a_Luxury_Collection_Hotel_San_Antonio-San_Antonio_Texas.html
San Antonio,"The St. Anthony, a Luxury Collection Hotel, San Antonio",https://www.tripadvisor.in/Hotel_Review-g60956-d99423-Reviews-or485-The_St_Anthony_a_Luxury_Collection_Hotel_San_Antonio-San_Antonio_Texas.html
San Antonio,"The St. Anthony, a Luxury Collection Hotel, San Antonio",https://www.tripadvisor.in/Hotel_Review-g60956-d99423-Reviews-or490-The_St_Anthony_a_Luxury_Collection_Hotel_San_Antonio-San_Antonio_Texas.html
San Antonio,"The St. Anthony, a Luxury Collection Hotel, San Antonio",https://www.tripadvisor.in/Hotel_Review-g60956-d99423-Reviews-or495-The_St_Anthony_a_Luxury_Collection_Hotel_San_Antonio-San_Antonio_Texas.html
San Antonio,"The St. Anthony, a Luxury Collection Hotel, San Antonio",https://www.tripadvisor.in/Hotel_Review-g60956-d99423-Reviews-or500-The_St_Anthony_a_Luxury_Collection_Hotel_San_Antonio-San_Antonio_Texas.html
San Antonio,"The St. Anthony, a Luxury Collection Hotel, San Antonio",https://www.tripadvisor.in/Hotel_Review-g60956-d99423-Reviews-or505-The_St_Anthony_a_Luxury_Collection_Hotel_San_Antonio-San_Antonio_Texas.html
San Antonio,"The St. Anthony, a Luxury Collection Hotel, San Antonio",https://www.tripadvisor.in/Hotel_Review-g60956-d99423-Reviews-or510-The_St_Anthony_a_Luxury_Collection_Hotel_San_Antonio-San_Antonio_Texas.html
San Antonio,"The St. Anthony, a Luxury Collection Hotel, San Antonio",https://www.tripadvisor.in/Hotel_Review-g60956-d99423-Reviews-or515-The_St_Anthony_a_Luxury_Collection_Hotel_San_Antonio-San_Antonio_Texas.html
San Antonio,"The St. Anthony, a Luxury Collection Hotel, San Antonio",https://www.tripadvisor.in/Hotel_Review-g60956-d99423-Reviews-or520-The_St_Anthony_a_Luxury_Collection_Hotel_San_Antonio-San_Antonio_Texas.html
San Antonio,"The St. Anthony, a Luxury Collection Hotel, San Antonio",https://www.tripadvisor.in/Hotel_Review-g60956-d99423-Reviews-or525-The_St_Anthony_a_Luxury_Collection_Hotel_San_Antonio-San_Antonio_Texas.html
San Antonio,"The St. Anthony, a Luxury Collection Hotel, San Antonio",https://www.tripadvisor.in/Hotel_Review-g60956-d99423-Reviews-or530-The_St_Anthony_a_Luxury_Collection_Hotel_San_Antonio-San_Antonio_Texas.html
San Antonio,"The St. Anthony, a Luxury Collection Hotel, San Antonio",https://www.tripadvisor.in/Hotel_Review-g60956-d99423-Reviews-or535-The_St_Anthony_a_Luxury_Collection_Hotel_San_Antonio-San_Antonio_Texas.html
San Antonio,"The St. Anthony, a Luxury Collection Hotel, San Antonio",https://www.tripadvisor.in/Hotel_Review-g60956-d99423-Reviews-or540-The_St_Anthony_a_Luxury_Collection_Hotel_San_Antonio-San_Antonio_Texas.html
San Antonio,"The St. Anthony, a Luxury Collection Hotel, San Antonio",https://www.tripadvisor.in/Hotel_Review-g60956-d99423-Reviews-or545-The_St_Anthony_a_Luxury_Collection_Hotel_San_Antonio-San_Antonio_Texas.html
San Antonio,"The St. Anthony, a Luxury Collection Hotel, San Antonio",https://www.tripadvisor.in/Hotel_Review-g60956-d99423-Reviews-or550-The_St_Anthony_a_Luxury_Collection_Hotel_San_Antonio-San_Antonio_Texas.html
San Antonio,"The St. Anthony, a Luxury Collection Hotel, San Antonio",https://www.tripadvisor.in/Hotel_Review-g60956-d99423-Reviews-or555-The_St_Anthony_a_Luxury_Collection_Hotel_San_Antonio-San_Antonio_Texas.html
San Antonio,"The St. Anthony, a Luxury Collection Hotel, San Antonio",https://www.tripadvisor.in/Hotel_Review-g60956-d99423-Reviews-or560-The_St_Anthony_a_Luxury_Collection_Hotel_San_Antonio-San_Antonio_Texas.html
San Antonio,"The St. Anthony, a Luxury Collection Hotel, San Antonio",https://www.tripadvisor.in/Hotel_Review-g60956-d99423-Reviews-or565-The_St_Anthony_a_Luxury_Collection_Hotel_San_Antonio-San_Antonio_Texas.html
San Antonio,"The St. Anthony, a Luxury Collection Hotel, San Antonio",https://www.tripadvisor.in/Hotel_Review-g60956-d99423-Reviews-or570-The_St_Anthony_a_Luxury_Collection_Hotel_San_Antonio-San_Antonio_Texas.html
San Antonio,"The St. Anthony, a Luxury Collection Hotel, San Antonio",https://www.tripadvisor.in/Hotel_Review-g60956-d99423-Reviews-or575-The_St_Anthony_a_Luxury_Collection_Hotel_San_Antonio-San_Antonio_Texas.html
San Antonio,"The St. Anthony, a Luxury Collection Hotel, San Antonio",https://www.tripadvisor.in/Hotel_Review-g60956-d99423-Reviews-or580-The_St_Anthony_a_Luxury_Collection_Hotel_San_Antonio-San_Antonio_Texas.html
San Antonio,"The St. Anthony, a Luxury Collection Hotel, San Antonio",https://www.tripadvisor.in/Hotel_Review-g60956-d99423-Reviews-or585-The_St_Anthony_a_Luxury_Collection_Hotel_San_Antonio-San_Antonio_Texas.html
San Antonio,"The St. Anthony, a Luxury Collection Hotel, San Antonio",https://www.tripadvisor.in/Hotel_Review-g60956-d99423-Reviews-or590-The_St_Anthony_a_Luxury_Collection_Hotel_San_Antonio-San_Antonio_Texas.html
San Antonio,"The St. Anthony, a Luxury Collection Hotel, San Antonio",https://www.tripadvisor.in/Hotel_Review-g60956-d99423-Reviews-or595-The_St_Anthony_a_Luxury_Collection_Hotel_San_Antonio-San_Antonio_Texas.html
San Antonio,"The St. Anthony, a Luxury Collection Hotel, San Antonio",https://www.tripadvisor.in/Hotel_Review-g60956-d99423-Reviews-or600-The_St_Anthony_a_Luxury_Collection_Hotel_San_Antonio-San_Antonio_Texas.html
San Antonio,"The St. Anthony, a Luxury Collection Hotel, San Antonio",https://www.tripadvisor.in/Hotel_Review-g60956-d99423-Reviews-or605-The_St_Anthony_a_Luxury_Collection_Hotel_San_Antonio-San_Antonio_Texas.html
San Antonio,"The St. Anthony, a Luxury Collection Hotel, San Antonio",https://www.tripadvisor.in/Hotel_Review-g60956-d99423-Reviews-or610-The_St_Anthony_a_Luxury_Collection_Hotel_San_Antonio-San_Antonio_Texas.html
,,https://www.tripadvisor.in/Hotel_Review-g60956-d146138-Reviews-or5-The_Fairmount-San_Antonio_Texas.html
,,https://www.tripadvisor.in/Hotel_Review-g60956-d146138-Reviews-or10-The_Fairmount-San_Antonio_Texas.html
,,https://www.tripadvisor.in/Hotel_Review-g60956-d146138-Reviews-or15-The_Fairmount-San_Antonio_Texas.html
,,https://www.tripadvisor.in/Hotel_Review-g60956-d146138-Reviews-or20-The_Fairmount-San_Antonio_Texas.html
,,https://www.tripadvisor.in/Hotel_Review-g60956-d146138-Reviews-or25-The_Fairmount-San_Antonio_Texas.html
,,https://www.tripadvisor.in/Hotel_Review-g60956-d146138-Reviews-or30-The_Fairmount-San_Antonio_Texas.html
,,https://www.tripadvisor.in/Hotel_Review-g60956-d146138-Reviews-or35-The_Fairmount-San_Antonio_Texas.html
,,https://www.tripadvisor.in/Hotel_Review-g60956-d146138-Reviews-or40-The_Fairmount-San_Antonio_Texas.html
,,https://www.tripadvisor.in/Hotel_Review-g60956-d146138-Reviews-or45-The_Fairmount-San_Antonio_Texas.html
,,https://www.tripadvisor.in/Hotel_Review-g60956-d146138-Reviews-or50-The_Fairmount-San_Antonio_Texas.html
,,https://www.tripadvisor.in/Hotel_Review-g60956-d146138-Reviews-or55-The_Fairmount-San_Antonio_Texas.html
,,https://www.tripadvisor.in/Hotel_Review-g60956-d146138-Reviews-or60-The_Fairmount-San_Antonio_Texas.html
,,https://www.tripadvisor.in/Hotel_Review-g60956-d146138-Reviews-or65-The_Fairmount-San_Antonio_Texas.html
,,https://www.tripadvisor.in/Hotel_Review-g60956-d146138-Reviews-or70-The_Fairmount-San_Antonio_Texas.html
,,https://www.tripadvisor.in/Hotel_Review-g60956-d146138-Reviews-or75-The_Fairmount-San_Antonio_Texas.html
,,https://www.tripadvisor.in/Hotel_Review-g60956-d146138-Reviews-or80-The_Fairmount-San_Antonio_Texas.html
,,https://www.tripadvisor.in/Hotel_Review-g60956-d146138-Reviews-or85-The_Fairmount-San_Antonio_Texas.html
,,https://www.tripadvisor.in/Hotel_Review-g60956-d146138-Reviews-or90-The_Fairmount-San_Antonio_Texas.html
,,https://www.tripadvisor.in/Hotel_Review-g60956-d146138-Reviews-or95-The_Fairmount-San_Antonio_Texas.html
,,https://www.tripadvisor.in/Hotel_Review-g60956-d146138-Reviews-or100-The_Fairmount-San_Antonio_Texas.html
,,https://www.tripadvisor.in/Hotel_Review-g60956-d146138-Reviews-or105-The_Fairmount-San_Antonio_Texas.html
,,https://www.tripadvisor.in/Hotel_Review-g60956-d146138-Reviews-or110-The_Fairmount-San_Antonio_Texas.html
,,https://www.tripadvisor.in/Hotel_Review-g60956-d146138-Reviews-or115-The_Fairmount-San_Antonio_Texas.html
,,https://www.tripadvisor.in/Hotel_Review-g60956-d146138-Reviews-or120-The_Fairmount-San_Antonio_Texas.html
,,https://www.tripadvisor.in/Hotel_Review-g60956-d146138-Reviews-or125-The_Fairmount-San_Antonio_Texas.html
,,https://www.tripadvisor.in/Hotel_Review-g60956-d146138-Reviews-or130-The_Fairmount-San_Antonio_Texas.html
,,https://www.tripadvisor.in/Hotel_Review-g60956-d146138-Reviews-or135-The_Fairmount-San_Antonio_Texas.html
,,https://www.tripadvisor.in/Hotel_Review-g60956-d146138-Reviews-or140-The_Fairmount-San_Antonio_Texas.html
,,https://www.tripadvisor.in/Hotel_Review-g60956-d146138-Reviews-or145-The_Fairmount-San_Antonio_Texas.html
,,https://www.tripadvisor.in/Hotel_Review-g60956-d146138-Reviews-or150-The_Fairmount-San_Antonio_Texas.html
,,https://www.tripadvisor.in/Hotel_Review-g60956-d146138-Reviews-or155-The_Fairmount-San_Antonio_Texas.html
